,Base,Ours,提升幅度
Professional Law,0.61,0.635,0.025000000000000022
High School Computer Science,0.86,0.88,0.020000000000000018
Public Relations,0.7272727272727273,0.7454545454545455,0.018181818181818188
Econometrics,0.6491228070175439,0.6666666666666666,0.01754385964912275
Miscellaneous,0.885,0.89,0.0050000000000000044
High School Biology,0.92,0.925,0.0050000000000000044
Professional Psychology,0.775,0.78,0.0050000000000000044
Electrical Engineering,0.7931034482758621,0.7931034482758621,0.0
Human Aging,0.725,0.725,0.0
World Religions,0.8538011695906432,0.8538011695906432,0.0
High School Us History,0.885,0.875,-0.010000000000000009
High School Physics,0.6026490066225165,0.5894039735099338,-0.013245033112582738
